log_id,driver_id,date,timestamp,cumulative_earnings,elapsed_hours,current_velocity,target_velocity,velocity_delta,trips_completed,forecast_status,computed_velocity,target_earnings,target_hours,computed_target_velocity,remaining_hours,future_earnings,predicted_final,forecast
VEL032,DRV001,2024-02-06,2024-02-06 08:49:12,1461,2.82,518.09,172.0,346.09,5,ahead,518.0851063829788,1331.0,8.2,162.31707317073173,5.379999999999999,2787.2978723404253,4248.297872340425,ahead
VEL068,DRV004,2024-02-06,2024-02-06 06:32:24,887,0.54,1642.59,193.0,1449.59,13,ahead,1642.5925925925924,5000.0,7.5,666.6666666666666,6.96,11432.444444444443,12319.444444444443,ahead
VEL183,DRV004,2024-02-06,2024-02-06 07:00:36,1936,1.01,1916.83,191.0,1725.83,9,ahead,1916.8316831683169,5000.0,7.5,666.6666666666666,6.49,12440.237623762378,14376.237623762378,ahead
VEL101,DRV004,2024-02-06,2024-02-06 07:51:36,1745,1.86,938.17,199.0,739.17,9,ahead,938.1720430107526,5000.0,7.5,666.6666666666666,5.64,5291.290322580645,7036.290322580645,ahead
VEL126,DRV005,2024-02-06,2024-02-06 10:07:12,1375,4.12,333.74,181.0,152.74,4,ahead,333.7378640776699,1300.0,7.0,185.71428571428572,2.88,961.1650485436892,2336.1650485436894,ahead
VEL115,DRV007,2024-02-06,2024-02-06 13:29:24,2233,7.49,298.13,173.0,125.13,8,ahead,298.13084112149534,1200.0,7.0,171.42857142857142,0.0,0.0,2233.0,ahead
VEL028,DRV008,2024-02-06,2024-02-06 07:18:00,1059,1.3,814.62,165.0,649.62,9,ahead,814.6153846153846,1700.0,10.0,170.0,8.7,7087.153846153846,8146.153846153846,ahead
VEL214,DRV008,2024-02-06,2024-02-06 11:21:36,888,5.36,165.67,166.0,-0.33,5,on_track,165.67164179104478,1700.0,10.0,170.0,4.64,768.7164179104477,1656.7164179104477,on_track
VEL118,DRV008,2024-02-06,2024-02-06 11:51:36,179,5.86,30.55,199.0,-168.45,12,at_risk,30.54607508532423,1700.0,10.0,170.0,4.14,126.4607508532423,305.4607508532423,at_risk
VEL037,DRV008,2024-02-06,2024-02-06 12:55:48,883,6.93,127.42,190.0,-62.58,5,at_risk,127.41702741702743,1700.0,10.0,170.0,3.0700000000000003,391.17027417027424,1274.1702741702743,at_risk
VEL148,DRV009,2024-02-06,2024-02-06 07:27:00,236,1.45,162.76,187.0,-24.24,9,at_risk,162.75862068965517,1100.0,6.0,183.33333333333334,4.55,740.551724137931,976.551724137931,at_risk
VEL072,DRV009,2024-02-06,2024-02-06 10:18:00,660,4.3,153.49,188.0,-34.51,9,at_risk,153.48837209302326,1100.0,6.0,183.33333333333334,1.7000000000000002,260.93023255813955,920.9302325581396,at_risk
VEL010,DRV010,2024-02-06,19:35:00,925,3.58,258.38,200.0,58.38,3,ahead,258.37988826815644,1602.0,8.0,200.25,4.42,1142.0391061452515,2067.0391061452515,ahead
VEL091,DRV010,2024-02-06,2024-02-06 07:25:48,1256,1.43,878.32,172.0,706.32,11,ahead,878.3216783216784,1602.0,8.0,200.25,6.57,5770.573426573427,7026.573426573427,ahead
VEL077,DRV011,2024-02-06,2024-02-06 11:03:00,1592,5.05,315.25,197.0,118.25,4,ahead,315.2475247524753,1540.0,9.5,162.10526315789474,4.45,1402.851485148515,2994.851485148515,ahead
VEL056,DRV011,2024-02-06,2024-02-06 12:59:24,2049,6.99,293.13,189.0,104.13,5,ahead,293.13304721030045,1540.0,9.5,162.10526315789474,2.51,735.763948497854,2784.763948497854,ahead
VEL130,DRV012,2024-02-06,2024-02-06 06:55:48,2149,0.93,2310.75,165.0,2145.75,10,ahead,2310.752688172043,1719.0,7.9,217.59493670886076,6.970000000000001,16105.946236559139,18254.94623655914,ahead
VEL025,DRV013,2024-02-06,2024-02-06 08:49:48,156,2.83,55.12,202.0,-146.88,9,at_risk,55.12367491166078,1297.0,6.9,187.97101449275362,4.07,224.3533568904594,380.3533568904594,at_risk
VEL149,DRV014,2024-02-06,2024-02-06 12:15:36,205,6.26,32.75,180.0,-147.25,1,at_risk,32.74760383386582,1309.0,6.3,207.77777777777777,0.040000000000000036,1.3099041533546338,206.30990415335464,at_risk
VEL140,DRV015,2024-02-06,2024-02-06 07:42:36,1949,1.71,1139.77,187.0,952.77,12,ahead,1139.766081871345,1352.0,7.7,175.58441558441558,5.99,6827.198830409357,8776.198830409357,ahead
VEL157,DRV016,2024-02-06,2024-02-06 11:04:48,2207,5.08,434.45,177.0,257.45,14,ahead,434.4488188976378,1685.0,8.4,200.59523809523807,3.3200000000000003,1442.3700787401576,3649.3700787401576,ahead
VEL005,DRV018,2024-02-06,09:42:00,996,3.7,269.19,175.0,94.19,5,ahead,269.18918918918916,1671.0,7.5,222.8,3.8,1022.9189189189187,2018.9189189189187,ahead
VEL189,DRV018,2024-02-06,2024-02-06 12:07:48,1943,6.13,316.97,189.0,127.97,9,ahead,316.9657422512235,1671.0,7.5,222.8,1.37,434.24306688417624,2377.243066884176,ahead
VEL186,DRV019,2024-02-06,2024-02-06 13:40:12,336,7.67,43.81,168.0,-124.19,13,at_risk,43.80704041720991,1392.0,7.8,178.46153846153845,0.1299999999999999,5.694915254237284,341.6949152542373,at_risk
VEL051,DRV020,2024-02-06,2024-02-06 11:22:48,2261,5.38,420.26,202.0,218.26,7,ahead,420.26022304832713,1574.0,9.3,169.24731182795696,3.920000000000001,1647.4200743494428,3908.420074349443,ahead
VEL060,DRV021,2024-02-06,2024-02-06 11:42:00,1271,5.7,222.98,171.0,51.98,13,ahead,222.98245614035088,1659.0,6.5,255.23076923076923,0.7999999999999998,178.38596491228066,1449.3859649122805,at_risk
VEL036,DRV022,2024-02-06,2024-02-06 11:45:00,1071,5.75,186.26,168.0,18.26,15,ahead,186.2608695652174,1565.0,6.4,244.53125,0.6500000000000004,121.06956521739139,1192.0695652173913,at_risk
VEL092,DRV024,2024-02-06,2024-02-06 09:33:00,2396,3.55,674.93,186.0,488.93,11,ahead,674.9295774647887,1487.0,8.2,181.34146341463415,4.6499999999999995,3138.422535211267,5534.422535211267,ahead
VEL093,DRV025,2024-02-06,2024-02-06 09:13:12,514,3.22,159.63,186.0,-26.37,13,at_risk,159.62732919254657,1283.0,9.1,140.989010989011,5.879999999999999,938.6086956521737,1452.6086956521735,ahead
VEL145,DRV025,2024-02-06,2024-02-06 10:10:12,1874,4.17,449.4,196.0,253.4,13,ahead,449.40047961630694,1283.0,9.1,140.989010989011,4.93,2215.5443645083933,4089.5443645083933,ahead
VEL193,DRV025,2024-02-06,2024-02-06 11:48:36,2213,5.81,380.9,198.0,182.9,5,ahead,380.895008605852,1283.0,9.1,140.989010989011,3.29,1253.144578313253,3466.144578313253,ahead
VEL153,DRV025,2024-02-06,2024-02-06 11:58:12,774,5.97,129.65,176.0,-46.35,4,at_risk,129.64824120603015,1283.0,9.1,140.989010989011,3.13,405.79899497487435,1179.7989949748744,on_track
VEL079,DRV026,2024-02-06,2024-02-06 07:54:36,300,1.91,157.07,184.0,-26.93,14,at_risk,157.06806282722513,1220.0,9.6,127.08333333333334,7.6899999999999995,1207.8534031413612,1507.8534031413612,ahead
VEL002,DRV028,2024-02-06,07:38:00,365,1.47,248.3,175.0,73.3,2,ahead,248.29931972789117,1564.0,7.6,205.78947368421055,6.13,1522.0748299319728,1887.0748299319728,ahead
VEL212,DRV028,2024-02-06,2024-02-06 07:51:36,2181,1.86,1172.58,176.0,996.58,14,ahead,1172.5806451612902,1564.0,7.6,205.78947368421055,5.739999999999999,6730.612903225805,8911.612903225805,ahead
VEL142,DRV029,2024-02-06,2024-02-06 08:38:24,926,2.64,350.76,173.0,177.76,7,ahead,350.75757575757575,1743.0,8.2,212.56097560975613,5.559999999999999,1950.2121212121208,2876.212121212121,ahead
VEL038,DRV029,2024-02-06,2024-02-06 13:55:48,802,7.93,101.13,200.0,-98.87,7,at_risk,101.13493064312736,1743.0,8.2,212.56097560975613,0.2699999999999996,27.306431273644346,829.3064312736443,at_risk
VEL070,DRV030,2024-02-06,2024-02-06 11:23:24,994,5.39,184.42,170.0,14.42,9,ahead,184.41558441558442,1133.0,8.7,130.22988505747128,3.3099999999999996,610.4155844155844,1604.4155844155844,ahead
VEL144,DRV031,2024-02-06,2024-02-06 13:36:36,965,7.61,126.81,182.0,-55.19,2,at_risk,126.80683311432325,1282.0,6.6,194.24242424242425,0.0,0.0,965.0,at_risk
VEL192,DRV032,2024-02-06,2024-02-06 13:05:24,186,7.09,26.23,197.0,-170.77,8,at_risk,26.23413258110014,1281.0,9.9,129.39393939393938,2.8100000000000005,73.7179125528914,259.7179125528914,at_risk
VEL136,DRV033,2024-02-06,2024-02-06 12:16:12,787,6.27,125.52,181.0,-55.48,4,at_risk,125.518341307815,1169.0,9.0,129.88888888888889,2.7300000000000004,342.66507177033503,1129.665071770335,on_track
VEL031,DRV035,2024-02-06,2024-02-06 07:35:24,1310,1.59,823.9,167.0,656.9,10,ahead,823.8993710691824,1744.0,8.1,215.30864197530866,6.51,5363.584905660377,6673.584905660377,ahead
VEL061,DRV037,2024-02-06,2024-02-06 09:22:48,891,3.38,263.61,192.0,71.61,5,ahead,263.6094674556213,1632.0,8.9,183.3707865168539,5.5200000000000005,1455.1242603550297,2346.12426035503,ahead
VEL069,DRV039,2024-02-06,2024-02-06 07:25:12,1437,1.42,1011.97,173.0,838.97,10,ahead,1011.9718309859155,1524.0,7.7,197.9220779220779,6.28,6355.183098591549,7792.183098591549,ahead
VEL104,DRV039,2024-02-06,2024-02-06 07:34:12,667,1.57,424.84,201.0,223.84,12,ahead,424.84076433121015,1524.0,7.7,197.9220779220779,6.13,2604.2738853503183,3271.2738853503183,ahead
VEL081,DRV039,2024-02-06,2024-02-06 10:56:24,1034,4.94,209.31,182.0,27.31,3,ahead,209.31174089068824,1524.0,7.7,197.9220779220779,2.76,577.7004048582995,1611.7004048582994,on_track
VEL006,DRV040,2024-02-06,10:28:00,1178,4.47,263.53,175.0,88.53,6,ahead,263.53467561521256,1388.0,7.0,198.28571428571428,2.5300000000000002,666.7427293064878,1844.742729306488,ahead
VEL178,DRV041,2024-02-06,2024-02-06 08:45:36,1554,2.76,563.04,195.0,368.04,13,ahead,563.0434782608696,1216.0,8.7,139.77011494252875,5.9399999999999995,3344.4782608695655,4898.478260869566,ahead
VEL088,DRV041,2024-02-06,2024-02-06 11:02:24,2244,5.04,445.24,191.0,254.24,14,ahead,445.23809523809524,1216.0,8.7,139.77011494252875,3.6599999999999993,1629.5714285714282,3873.5714285714284,ahead
VEL164,DRV042,2024-02-06,2024-02-06 09:42:00,2238,3.7,604.86,168.0,436.86,5,ahead,604.8648648648648,1298.0,7.3,177.8082191780822,3.5999999999999996,2177.513513513513,4415.513513513513,ahead
VEL059,DRV042,2024-02-06,2024-02-06 10:54:00,244,4.9,49.8,201.0,-151.2,8,at_risk,49.795918367346935,1298.0,7.3,177.8082191780822,2.3999999999999995,119.51020408163262,363.51020408163265,at_risk
VEL111,DRV042,2024-02-06,2024-02-06 12:50:24,1430,6.84,209.06,205.0,4.06,2,ahead,209.06432748538012,1298.0,7.3,177.8082191780822,0.45999999999999996,96.16959064327484,1526.169590643275,ahead
VEL147,DRV045,2024-02-06,2024-02-06 07:29:24,1742,1.49,1169.13,171.0,998.13,13,ahead,1169.1275167785234,1313.0,8.3,158.19277108433732,6.8100000000000005,7961.758389261745,9703.758389261744,ahead
VEL171,DRV047,2024-02-06,2024-02-06 11:37:12,205,5.62,36.48,173.0,-136.52,6,at_risk,36.47686832740214,1219.0,9.5,128.31578947368422,3.88,141.53024911032028,346.53024911032026,at_risk
VEL043,DRV047,2024-02-06,2024-02-06 12:52:12,371,6.87,54.0,184.0,-130.0,8,at_risk,54.00291120815138,1219.0,9.5,128.31578947368422,2.63,142.02765647743811,513.0276564774381,at_risk
VEL058,DRV049,2024-02-06,2024-02-06 07:25:12,488,1.42,343.66,197.0,146.66,4,ahead,343.6619718309859,1214.0,7.5,161.86666666666667,6.08,2089.4647887323945,2577.4647887323945,ahead
VEL040,DRV049,2024-02-06,2024-02-06 09:25:48,1753,3.43,511.08,198.0,313.08,12,ahead,511.07871720116617,1214.0,7.5,161.86666666666667,4.07,2080.0903790087464,3833.0903790087464,ahead
VEL185,DRV050,2024-02-06,2024-02-06 11:43:48,1272,5.73,221.99,173.0,48.99,5,ahead,221.9895287958115,1612.0,6.6,244.24242424242425,0.8699999999999992,193.13089005235585,1465.1308900523559,on_track
VEL067,DRV052,2024-02-06,2024-02-06 07:51:00,630,1.85,340.54,203.0,137.54,12,ahead,340.5405405405405,1570.0,7.6,206.57894736842107,5.75,1958.108108108108,2588.108108108108,ahead
VEL083,DRV053,2024-02-06,2024-02-06 11:22:12,1713,5.37,318.99,175.0,143.99,7,ahead,318.99441340782124,1441.0,7.9,182.40506329113924,2.5300000000000002,807.0558659217878,2520.0558659217877,ahead
VEL095,DRV054,2024-02-06,2024-02-06 07:13:48,190,1.23,154.47,179.0,-24.53,7,at_risk,154.47154471544715,1419.0,8.6,165.0,7.369999999999999,1138.4552845528453,1328.4552845528453,on_track
VEL172,DRV054,2024-02-06,2024-02-06 12:03:36,1626,6.06,268.32,188.0,80.32,12,ahead,268.31683168316835,1419.0,8.6,165.0,2.54,681.5247524752476,2307.5247524752476,ahead
VEL046,DRV054,2024-02-06,2024-02-06 12:31:48,1043,6.53,159.72,177.0,-17.28,12,on_track,159.72434915773354,1419.0,8.6,165.0,2.0699999999999994,330.62940275650834,1373.6294027565084,on_track
VEL177,DRV055,2024-02-06,2024-02-06 13:26:24,1975,7.44,265.46,169.0,96.46,9,ahead,265.4569892473118,1551.0,8.7,178.27586206896552,1.259999999999999,334.4758064516126,2309.4758064516127,ahead
VEL197,DRV055,2024-02-06,2024-02-06 13:34:12,756,7.57,99.87,182.0,-82.13,15,at_risk,99.8678996036988,1551.0,8.7,178.27586206896552,1.129999999999999,112.85072655217955,868.8507265521796,at_risk
VEL151,DRV056,2024-02-06,2024-02-06 09:45:36,182,3.76,48.4,183.0,-134.6,5,at_risk,48.40425531914894,1626.0,6.4,254.0625,2.6400000000000006,127.78723404255322,309.7872340425532,at_risk
VEL159,DRV057,2024-02-06,2024-02-06 08:33:00,307,2.55,120.39,177.0,-56.61,15,at_risk,120.39215686274511,1687.0,7.0,241.0,4.45,535.7450980392158,842.7450980392158,at_risk
VEL029,DRV057,2024-02-06,2024-02-06 08:52:12,2036,2.87,709.41,183.0,526.41,14,ahead,709.4076655052264,1687.0,7.0,241.0,4.13,2929.853658536585,4965.8536585365855,ahead
VEL160,DRV057,2024-02-06,2024-02-06 09:42:00,748,3.7,202.16,204.0,-1.84,4,on_track,202.16216216216216,1687.0,7.0,241.0,3.3,667.1351351351351,1415.135135135135,at_risk
VEL199,DRV058,2024-02-06,2024-02-06 13:55:12,1169,7.92,147.6,178.0,-30.4,9,at_risk,147.6010101010101,1129.0,7.9,142.91139240506328,0.0,0.0,1169.0,on_track
VEL064,DRV060,2024-02-06,2024-02-06 12:37:48,2427,6.63,366.06,198.0,168.06,8,ahead,366.0633484162896,1180.0,9.9,119.19191919191918,3.2700000000000005,1197.0271493212672,3624.027149321267,ahead
VEL196,DRV061,2024-02-06,2024-02-06 10:30:00,336,4.5,74.67,183.0,-108.33,1,at_risk,74.66666666666667,1199.0,7.8,153.71794871794873,3.3,246.4,582.4,at_risk
VEL219,DRV062,2024-02-06,2024-02-06 09:19:48,558,3.33,167.57,166.0,1.57,2,ahead,167.56756756756755,1731.0,7.0,247.28571428571428,3.67,614.9729729729729,1172.972972972973,at_risk
VEL168,DRV062,2024-02-06,2024-02-06 10:02:24,1318,4.04,326.24,203.0,123.24,2,ahead,326.23762376237624,1731.0,7.0,247.28571428571428,2.96,965.6633663366337,2283.6633663366338,ahead
VEL078,DRV062,2024-02-06,2024-02-06 11:28:12,555,5.47,101.46,167.0,-65.54,4,at_risk,101.46252285191956,1731.0,7.0,247.28571428571428,1.5300000000000002,155.23765996343695,710.237659963437,at_risk
VEL208,DRV064,2024-02-06,2024-02-06 08:03:00,2406,2.05,1173.66,193.0,980.66,4,ahead,1173.658536585366,1389.0,9.1,152.63736263736266,7.05,8274.292682926829,10680.292682926829,ahead
VEL084,DRV067,2024-02-06,2024-02-06 07:07:12,2018,1.12,1801.79,181.0,1620.79,11,ahead,1801.7857142857142,1680.0,9.1,184.6153846153846,7.9799999999999995,14378.249999999998,16396.25,ahead
VEL020,DRV068,2024-02-06,2024-02-06 12:33:36,1939,6.56,295.58,179.0,116.58,5,ahead,295.57926829268297,1598.0,6.5,245.84615384615384,0.0,0.0,1939.0,ahead
VEL026,DRV068,2024-02-06,2024-02-06 12:51:00,927,6.85,135.33,192.0,-56.67,6,at_risk,135.3284671532847,1598.0,6.5,245.84615384615384,0.0,0.0,927.0,at_risk
VEL194,DRV068,2024-02-06,2024-02-06 12:53:24,1392,6.89,202.03,183.0,19.03,12,ahead,202.03193033381714,1598.0,6.5,245.84615384615384,0.0,0.0,1392.0,at_risk
VEL044,DRV070,2024-02-06,2024-02-06 10:49:48,820,4.83,169.77,193.0,-23.23,12,at_risk,169.77225672877847,1192.0,6.9,172.75362318840578,2.0700000000000003,351.4285714285715,1171.4285714285716,on_track
VEL011,DRV071,2024-02-06,08:32:00,385,1.03,373.79,175.0,198.79,1,ahead,373.7864077669903,1563.0,8.1,192.96296296296296,7.069999999999999,2642.669902912621,3027.669902912621,ahead
VEL198,DRV072,2024-02-06,2024-02-06 08:31:48,694,2.53,274.31,168.0,106.31,11,ahead,274.30830039525694,1406.0,8.3,169.39759036144576,5.770000000000001,1582.758893280633,2276.758893280633,ahead
VEL090,DRV073,2024-02-06,2024-02-06 13:43:48,256,7.73,33.12,180.0,-146.88,2,at_risk,33.11772315653299,1108.0,8.4,131.9047619047619,0.6699999999999999,22.1888745148771,278.1888745148771,at_risk
VEL047,DRV077,2024-02-06,2024-02-06 09:13:12,187,3.22,58.07,201.0,-142.93,2,at_risk,58.07453416149068,1527.0,6.6,231.36363636363637,3.3799999999999994,196.29192546583846,383.29192546583846,at_risk
VEL135,DRV077,2024-02-06,2024-02-06 09:34:48,779,3.58,217.6,196.0,21.6,1,ahead,217.59776536312847,1527.0,6.6,231.36363636363637,3.0199999999999996,657.145251396648,1436.1452513966478,on_track
VEL053,DRV078,2024-02-06,2024-02-06 07:23:24,289,1.39,207.91,190.0,17.91,8,ahead,207.9136690647482,1773.0,7.7,230.25974025974025,6.3100000000000005,1311.9352517985612,1600.9352517985612,on_track
VEL063,DRV079,2024-02-06,2024-02-06 07:53:24,2351,1.89,1243.92,166.0,1077.92,7,ahead,1243.915343915344,1535.0,8.5,180.58823529411765,6.61,8222.280423280425,10573.280423280425,ahead
VEL017,DRV079,2024-02-06,2024-02-06 13:02:24,1513,7.04,214.91,201.0,13.91,13,ahead,214.91477272727272,1535.0,8.5,180.58823529411765,1.46,313.7755681818182,1826.7755681818182,ahead
VEL021,DRV080,2024-02-06,2024-02-06 08:40:48,623,2.68,232.46,172.0,60.46,2,ahead,232.46268656716416,1290.0,7.7,167.53246753246754,5.02,1166.962686567164,1789.962686567164,ahead
VEL150,DRV080,2024-02-06,2024-02-06 09:43:12,1551,3.72,416.94,203.0,213.94,12,ahead,416.93548387096774,1290.0,7.7,167.53246753246754,3.98,1659.4032258064517,3210.4032258064517,ahead
VEL132,DRV081,2024-02-06,2024-02-06 09:07:12,171,3.12,54.81,176.0,-121.19,7,at_risk,54.80769230769231,1659.0,8.3,199.87951807228913,5.180000000000001,283.9038461538462,454.9038461538462,at_risk
VEL049,DRV081,2024-02-06,2024-02-06 13:26:24,839,7.44,112.77,171.0,-58.23,6,at_risk,112.76881720430107,1659.0,8.3,199.87951807228913,0.8600000000000003,96.98118279569896,935.9811827956989,at_risk
VEL131,DRV082,2024-02-06,2024-02-06 08:57:36,2035,2.96,687.5,187.0,500.5,2,ahead,687.5,1593.0,9.8,162.55102040816325,6.840000000000001,4702.500000000001,6737.500000000001,ahead
VEL076,DRV082,2024-02-06,2024-02-06 11:42:36,2158,5.71,377.93,198.0,179.93,15,ahead,377.9334500875657,1593.0,9.8,162.55102040816325,4.090000000000001,1545.747810858144,3703.747810858144,ahead
VEL127,DRV082,2024-02-06,2024-02-06 12:02:24,159,6.04,26.32,201.0,-174.68,7,at_risk,26.32450331125828,1593.0,9.8,162.55102040816325,3.7600000000000007,98.98013245033115,257.98013245033115,at_risk
VEL107,DRV084,2024-02-06,2024-02-06 07:52:12,2025,1.87,1082.89,187.0,895.89,13,ahead,1082.8877005347592,1693.0,7.2,235.13888888888889,5.33,5771.791443850267,7796.791443850267,ahead
VEL161,DRV085,2024-02-06,2024-02-06 12:58:48,522,6.98,74.79,189.0,-114.21,7,at_risk,74.78510028653295,1580.0,8.3,190.36144578313252,1.3200000000000003,98.71633237822351,620.7163323782236,at_risk
VEL065,DRV086,2024-02-06,2024-02-06 10:23:24,411,4.39,93.62,202.0,-108.38,9,at_risk,93.62186788154898,1411.0,8.9,158.53932584269663,4.510000000000001,422.234624145786,833.234624145786,at_risk
VEL074,DRV088,2024-02-06,2024-02-06 06:51:00,1381,0.85,1624.71,198.0,1426.71,15,ahead,1624.7058823529412,1229.0,8.0,153.625,7.15,11616.64705882353,12997.64705882353,ahead
VEL030,DRV089,2024-02-06,2024-02-06 10:15:00,1046,4.25,246.12,194.0,52.12,3,ahead,246.11764705882354,1114.0,9.0,123.77777777777777,4.75,1169.0588235294117,2215.0588235294117,ahead
VEL045,DRV090,2024-02-06,2024-02-06 08:40:48,2126,2.68,793.28,174.0,619.28,4,ahead,793.2835820895522,1478.0,9.2,160.6521739130435,6.52,5172.2089552238795,7298.2089552238795,ahead
VEL120,DRV091,2024-02-06,2024-02-06 11:03:36,323,5.06,63.83,175.0,-111.17,11,at_risk,63.833992094861664,1133.0,7.4,153.1081081081081,2.3400000000000007,149.37154150197634,472.37154150197637,at_risk
VEL087,DRV092,2024-02-06,2024-02-06 11:51:36,939,5.86,160.24,201.0,-40.76,11,at_risk,160.23890784982933,1492.0,7.0,213.14285714285714,1.1399999999999997,182.67235494880538,1121.6723549488054,at_risk
VEL015,DRV095,2024-02-06,07:38:00,403,2.13,189.2,157.14,32.06,2,ahead,189.20187793427232,1248.0,8.1,154.07407407407408,5.97,1129.5352112676057,1532.5352112676057,ahead
VEL218,DRV095,2024-02-06,2024-02-06 07:31:48,2307,1.53,1507.84,165.0,1342.84,10,ahead,1507.8431372549019,1248.0,8.1,154.07407407407408,6.569999999999999,9906.529411764704,12213.529411764704,ahead
VEL201,DRV095,2024-02-06,2024-02-06 08:55:48,1661,2.93,566.89,200.0,366.89,5,ahead,566.8941979522184,1248.0,8.1,154.07407407407408,5.17,2930.843003412969,4591.843003412969,ahead
VEL054,DRV095,2024-02-06,2024-02-06 11:39:36,1389,5.66,245.41,176.0,69.41,11,ahead,245.40636042402826,1248.0,8.1,154.07407407407408,2.4399999999999995,598.7915194346289,1987.7915194346288,ahead
VEL007,DRV096,2024-02-06,11:15:00,1423,5.25,271.05,175.0,96.05,7,ahead,271.04761904761904,1199.0,9.7,123.60824742268042,4.449999999999999,1206.1619047619045,2629.161904761904,ahead
VEL116,DRV096,2024-02-06,2024-02-06 10:21:36,2189,4.36,502.06,199.0,303.06,12,ahead,502.0642201834862,1199.0,9.7,123.60824742268042,5.339999999999999,2681.0229357798157,4870.022935779816,ahead
VEL137,DRV098,2024-02-06,2024-02-06 09:28:12,2077,3.47,598.56,184.0,414.56,6,ahead,598.5590778097983,1299.0,8.1,160.37037037037038,4.629999999999999,2771.3285302593654,4848.328530259365,ahead
VEL165,DRV099,2024-02-06,2024-02-06 08:31:12,600,2.52,238.1,182.0,56.1,6,ahead,238.0952380952381,1112.0,7.6,146.31578947368422,5.08,1209.5238095238096,1809.5238095238096,ahead
VEL133,DRV100,2024-02-06,2024-02-06 06:34:12,1602,0.57,2810.53,192.0,2618.53,8,ahead,2810.5263157894738,1357.0,6.8,199.55882352941177,6.2299999999999995,17509.57894736842,19111.57894736842,ahead
VEL050,DRV100,2024-02-06,2024-02-06 07:51:00,2090,1.85,1129.73,168.0,961.73,2,ahead,1129.7297297297296,1357.0,6.8,199.55882352941177,4.949999999999999,5592.162162162161,7682.162162162161,ahead
VEL119,DRV100,2024-02-06,2024-02-06 08:19:48,1563,2.33,670.82,198.0,472.82,11,ahead,670.8154506437768,1357.0,6.8,199.55882352941177,4.47,2998.545064377682,4561.545064377682,ahead
VEL075,DRV101,2024-02-06,2024-02-06 11:26:24,1351,5.44,248.35,193.0,55.35,3,ahead,248.3455882352941,1222.0,6.3,193.96825396825398,0.8599999999999994,213.57720588235279,1564.5772058823527,ahead
VEL041,DRV102,2024-02-06,2024-02-06 08:37:12,1309,2.62,499.62,177.0,322.62,12,ahead,499.618320610687,1213.0,8.8,137.8409090909091,6.180000000000001,3087.641221374046,4396.641221374046,ahead
VEL016,DRV103,2024-02-06,07:28:00,245,1.47,166.67,171.43,-4.76,1,at_risk,166.66666666666666,1537.0,8.8,174.6590909090909,7.330000000000001,1221.6666666666667,1466.6666666666667,on_track
VEL220,DRV103,2024-02-06,2024-02-06 12:13:48,205,6.23,32.91,167.0,-134.09,3,at_risk,32.90529695024077,1537.0,8.8,174.6590909090909,2.5700000000000003,84.56661316211878,289.56661316211876,at_risk
VEL206,DRV104,2024-02-06,2024-02-06 11:55:12,585,5.92,98.82,189.0,-90.18,11,at_risk,98.81756756756756,1440.0,10.0,144.0,4.08,403.1756756756757,988.1756756756756,at_risk
VEL099,DRV105,2024-02-06,2024-02-06 12:59:24,2493,6.99,356.65,200.0,156.65,5,ahead,356.6523605150214,1305.0,8.4,155.35714285714286,1.4100000000000001,502.87982832618025,2995.8798283261804,ahead
VEL113,DRV107,2024-02-06,2024-02-06 07:07:48,385,1.13,340.71,183.0,157.71,9,ahead,340.70796460176996,1172.0,8.3,141.2048192771084,7.170000000000001,2442.8761061946907,2827.8761061946907,ahead
VEL057,DRV108,2024-02-06,2024-02-06 09:15:00,1973,3.25,607.08,172.0,435.08,2,ahead,607.0769230769231,1138.0,8.7,130.80459770114945,5.449999999999999,3308.56923076923,5281.56923076923,ahead
VEL158,DRV109,2024-02-06,2024-02-06 08:13:12,759,2.22,341.89,173.0,168.89,7,ahead,341.8918918918919,1602.0,7.9,202.78481012658227,5.68,1941.9459459459458,2700.945945945946,ahead
VEL066,DRV109,2024-02-06,2024-02-06 12:09:00,658,6.15,106.99,178.0,-71.01,11,at_risk,106.99186991869918,1602.0,7.9,202.78481012658227,1.75,187.23577235772356,845.2357723577236,at_risk
VEL114,DRV113,2024-02-06,2024-02-06 12:33:36,2168,6.56,330.49,165.0,165.49,7,ahead,330.4878048780488,1209.0,8.5,142.23529411764707,1.9400000000000004,641.1463414634147,2809.1463414634145,ahead
VEL129,DRV113,2024-02-06,2024-02-06 13:31:12,295,7.52,39.23,204.0,-164.77,14,at_risk,39.22872340425532,1209.0,8.5,142.23529411764707,0.9800000000000004,38.44414893617023,333.4441489361702,at_risk
VEL013,DRV114,2024-02-06,10:22:00,1148,3.37,340.65,175.0,165.65,3,ahead,340.6528189910979,1297.0,6.1,212.62295081967216,2.7299999999999995,929.9821958456971,2077.982195845697,ahead
VEL018,DRV115,2024-02-06,2024-02-06 11:19:48,414,5.33,77.67,189.0,-111.33,15,at_risk,77.67354596622889,1560.0,9.9,157.57575757575756,4.57,354.968105065666,768.968105065666,at_risk
VEL027,DRV115,2024-02-06,2024-02-06 12:28:48,1645,6.48,253.86,173.0,80.86,9,ahead,253.858024691358,1560.0,9.9,157.57575757575756,3.42,868.1944444444443,2513.1944444444443,ahead
VEL204,DRV115,2024-02-06,2024-02-06 12:40:48,192,6.68,28.74,179.0,-150.26,12,at_risk,28.742514970059883,1560.0,9.9,157.57575757575756,3.2200000000000006,92.55089820359284,284.55089820359285,at_risk
VEL210,DRV116,2024-02-06,2024-02-06 07:40:12,1769,1.67,1059.28,179.0,880.28,12,ahead,1059.2814371257487,1316.0,9.2,143.04347826086956,7.529999999999999,7976.389221556887,9745.389221556887,ahead
VEL181,DRV117,2024-02-06,2024-02-06 13:11:24,1184,7.19,164.67,200.0,-35.33,6,at_risk,164.673157162726,1338.0,9.7,137.93814432989691,2.509999999999999,413.3296244784421,1597.3296244784422,ahead
VEL112,DRV118,2024-02-06,2024-02-06 11:58:12,464,5.97,77.72,170.0,-92.28,3,at_risk,77.72194304857622,1146.0,7.0,163.71428571428572,1.0300000000000002,80.05360134003352,544.0536013400335,at_risk
VEL154,DRV118,2024-02-06,2024-02-06 12:15:00,1301,6.25,208.16,181.0,27.16,12,ahead,208.16,1146.0,7.0,163.71428571428572,0.75,156.12,1457.12,ahead
VEL170,DRV121,2024-02-06,2024-02-06 08:46:48,1519,2.78,546.4,171.0,375.4,11,ahead,546.4028776978417,1800.0,8.3,216.86746987951804,5.520000000000001,3016.143884892087,4535.143884892087,ahead
VEL156,DRV121,2024-02-06,2024-02-06 11:48:00,2091,5.8,360.52,171.0,189.52,12,ahead,360.51724137931035,1800.0,8.3,216.86746987951804,2.500000000000001,901.2931034482762,2992.2931034482763,ahead
VEL128,DRV121,2024-02-06,2024-02-06 13:25:12,1040,7.42,140.16,197.0,-56.84,14,at_risk,140.16172506738545,1800.0,8.3,216.86746987951804,0.8800000000000008,123.3423180592993,1163.3423180592993,at_risk
VEL024,DRV123,2024-02-06,2024-02-06 13:39:36,1433,7.66,187.08,201.0,-13.92,12,on_track,187.07571801566579,1549.0,7.0,221.28571428571428,0.0,0.0,1433.0,on_track
VEL143,DRV125,2024-02-06,2024-02-06 12:04:48,1874,6.08,308.22,167.0,141.22,3,ahead,308.2236842105263,1526.0,8.8,173.4090909090909,2.7200000000000006,838.3684210526318,2712.3684210526317,ahead
VEL080,DRV125,2024-02-06,2024-02-06 13:40:48,1031,7.68,134.24,203.0,-68.76,9,at_risk,134.24479166666669,1526.0,8.8,173.4090909090909,1.120000000000001,150.35416666666683,1181.3541666666667,at_risk
VEL042,DRV126,2024-02-06,2024-02-06 09:27:00,2394,3.45,693.91,173.0,520.91,6,ahead,693.9130434782609,1521.0,7.0,217.28571428571428,3.55,2463.391304347826,4857.391304347826,ahead
VEL023,DRV127,2024-02-06,2024-02-06 10:48:00,625,4.8,130.21,173.0,-42.79,14,at_risk,130.20833333333334,1726.0,9.8,176.12244897959184,5.000000000000001,651.0416666666669,1276.041666666667,at_risk
VEL221,DRV127,2024-02-06,2024-02-06 12:16:48,1167,6.28,185.83,182.0,3.83,3,ahead,185.828025477707,1726.0,9.8,176.12244897959184,3.5200000000000005,654.1146496815287,1821.1146496815286,on_track
VEL200,DRV128,2024-02-06,2024-02-06 06:30:36,625,0.51,1225.49,187.0,1038.49,11,ahead,1225.4901960784314,1341.0,6.8,197.2058823529412,6.29,7708.333333333333,8333.333333333332,ahead
VEL155,DRV128,2024-02-06,2024-02-06 11:30:00,1163,5.5,211.45,192.0,19.45,4,ahead,211.45454545454547,1341.0,6.8,197.2058823529412,1.2999999999999998,274.8909090909091,1437.8909090909092,on_track
VEL211,DRV130,2024-02-06,2024-02-06 09:15:36,1927,3.26,591.1,195.0,396.1,2,ahead,591.1042944785277,1585.0,8.0,198.125,4.74,2801.8343558282213,4728.834355828221,ahead
VEL097,DRV130,2024-02-06,2024-02-06 11:57:36,2306,5.96,386.91,184.0,202.91,10,ahead,386.9127516778523,1585.0,8.0,198.125,2.04,789.3020134228187,3095.3020134228186,ahead
VEL071,DRV132,2024-02-06,2024-02-06 12:53:24,1201,6.89,174.31,167.0,7.31,2,ahead,174.31059506531204,1650.0,6.7,246.2686567164179,0.0,0.0,1201.0,at_risk
VEL215,DRV132,2024-02-06,2024-02-06 13:08:24,817,7.14,114.43,190.0,-75.57,11,at_risk,114.42577030812325,1650.0,6.7,246.2686567164179,0.0,0.0,817.0,at_risk
VEL213,DRV133,2024-02-06,2024-02-06 07:55:12,871,1.92,453.65,196.0,257.65,12,ahead,453.64583333333337,1706.0,8.3,205.5421686746988,6.380000000000001,2894.2604166666674,3765.2604166666674,ahead
VEL103,DRV134,2024-02-06,2024-02-06 11:39:00,188,5.65,33.27,174.0,-140.73,11,at_risk,33.27433628318584,1433.0,6.9,207.68115942028984,1.25,41.5929203539823,229.5929203539823,at_risk
VEL152,DRV135,2024-02-06,2024-02-06 07:07:12,2140,1.12,1910.71,192.0,1718.71,4,ahead,1910.7142857142856,1699.0,7.9,215.0632911392405,6.78,12954.642857142857,15094.642857142857,ahead
VEL100,DRV135,2024-02-06,2024-02-06 13:13:12,555,7.22,76.87,175.0,-98.13,6,at_risk,76.86980609418283,1699.0,7.9,215.0632911392405,0.6800000000000006,52.27146814404438,607.2714681440443,at_risk
VEL094,DRV136,2024-02-06,2024-02-06 07:36:00,1269,1.6,793.12,179.0,614.12,5,ahead,793.125,1239.0,7.8,158.84615384615384,6.199999999999999,4917.374999999999,6186.374999999999,ahead
VEL086,DRV137,2024-02-06,2024-02-06 07:01:48,984,1.03,955.34,182.0,773.34,11,ahead,955.3398058252427,1682.0,6.2,271.2903225806452,5.17,4939.1067961165045,5923.1067961165045,ahead
VEL106,DRV137,2024-02-06,2024-02-06 11:35:24,1170,5.59,209.3,191.0,18.3,12,ahead,209.30232558139537,1682.0,6.2,271.2903225806452,0.6100000000000003,127.67441860465124,1297.6744186046512,at_risk
VEL216,DRV139,2024-02-06,2024-02-06 07:01:12,919,1.02,900.98,169.0,731.98,7,ahead,900.9803921568628,1335.0,6.3,211.9047619047619,5.279999999999999,4757.176470588235,5676.176470588235,ahead
VEL123,DRV139,2024-02-06,2024-02-06 09:40:12,358,3.67,97.55,189.0,-91.45,3,at_risk,97.54768392370572,1335.0,6.3,211.9047619047619,2.63,256.550408719346,614.550408719346,at_risk
VEL167,DRV140,2024-02-06,2024-02-06 06:30:00,317,0.5,634.0,185.0,449.0,4,ahead,634.0,1385.0,6.1,227.04918032786887,5.6,3550.3999999999996,3867.3999999999996,ahead
VEL096,DRV141,2024-02-06,2024-02-06 12:22:12,580,6.37,91.05,172.0,-80.95,3,at_risk,91.05180533751962,1327.0,9.6,138.22916666666669,3.2299999999999995,294.09733124018834,874.0973312401884,at_risk
VEL175,DRV142,2024-02-06,2024-02-06 07:28:48,585,1.48,395.27,203.0,192.27,2,ahead,395.27027027027026,1616.0,6.1,264.91803278688525,4.619999999999999,1826.1486486486483,2411.1486486486483,ahead
VEL173,DRV142,2024-02-06,2024-02-06 11:02:24,2316,5.04,459.52,180.0,279.52,11,ahead,459.5238095238095,1616.0,6.1,264.91803278688525,1.0599999999999996,487.0952380952379,2803.095238095238,ahead
VEL190,DRV144,2024-02-06,2024-02-06 09:30:36,1748,3.51,498.01,182.0,316.01,4,ahead,498.00569800569804,1344.0,8.6,156.27906976744185,5.09,2534.8490028490028,4282.849002849003,ahead
VEL207,DRV144,2024-02-06,2024-02-06 13:01:48,1204,7.03,171.27,205.0,-33.73,10,at_risk,171.2660028449502,1344.0,8.6,156.27906976744185,1.5699999999999994,268.8876244665717,1472.8876244665717,on_track
VEL138,DRV145,2024-02-06,2024-02-06 13:11:24,1904,7.19,264.81,199.0,65.81,13,ahead,264.81223922114043,1684.0,9.0,187.11111111111111,1.8099999999999996,479.3101529902641,2383.310152990264,ahead
VEL141,DRV146,2024-02-06,2024-02-06 06:32:24,1927,0.54,3568.52,177.0,3391.52,2,ahead,3568.5185185185182,1741.0,7.9,220.37974683544303,7.36,26264.296296296296,28191.296296296296,ahead
VEL195,DRV146,2024-02-06,2024-02-06 10:38:24,1249,4.64,269.18,175.0,94.18,4,ahead,269.18103448275866,1741.0,7.9,220.37974683544303,3.2600000000000007,877.5301724137934,2126.5301724137935,ahead
VEL085,DRV146,2024-02-06,2024-02-06 13:33:00,1892,7.55,250.6,174.0,76.6,9,ahead,250.59602649006624,1741.0,7.9,220.37974683544303,0.35000000000000053,87.70860927152331,1979.7086092715233,ahead
VEL001,DRV147,2024-02-06,07:03:00,145,0.55,263.64,175.0,88.64,1,ahead,263.6363636363636,1643.0,6.1,269.344262295082,5.55,1463.181818181818,1608.181818181818,on_track
VEL174,DRV148,2024-02-06,2024-02-06 08:04:48,1280,2.08,615.38,189.0,426.38,2,ahead,615.3846153846154,1182.0,8.5,139.05882352941177,6.42,3950.7692307692305,5230.7692307692305,ahead
VEL082,DRV149,2024-02-06,2024-02-06 07:03:36,1878,1.06,1771.7,181.0,1590.7,5,ahead,1771.698113207547,1213.0,7.5,161.73333333333332,6.4399999999999995,11409.735849056602,13287.735849056602,ahead
VEL105,DRV151,2024-02-06,2024-02-06 06:54:00,1245,0.9,1383.33,205.0,1178.33,6,ahead,1383.3333333333333,1694.0,9.5,178.31578947368422,8.6,11896.666666666666,13141.666666666666,ahead
VEL166,DRV151,2024-02-06,2024-02-06 08:21:00,1862,2.35,792.34,168.0,624.34,3,ahead,792.3404255319149,1694.0,9.5,178.31578947368422,7.15,5665.234042553192,7527.234042553192,ahead
VEL108,DRV151,2024-02-06,2024-02-06 10:16:12,2069,4.27,484.54,182.0,302.54,7,ahead,484.5433255269321,1694.0,9.5,178.31578947368422,5.23,2534.161592505855,4603.161592505855,ahead
VEL125,DRV153,2024-02-06,2024-02-06 12:44:24,1173,6.74,174.04,172.0,2.04,5,ahead,174.03560830860533,1639.0,9.3,176.23655913978493,2.5600000000000005,445.5311572700297,1618.5311572700298,on_track
VEL039,DRV155,2024-02-06,2024-02-06 09:40:12,1532,3.67,417.44,195.0,222.44,6,ahead,417.43869209809264,1395.0,9.8,142.34693877551018,6.130000000000001,2558.8991825613084,4090.8991825613084,ahead
VEL019,DRV157,2024-02-06,2024-02-06 11:24:00,1713,5.4,317.22,200.0,117.22,14,ahead,317.22222222222223,1530.0,7.8,196.15384615384616,2.3999999999999995,761.3333333333331,2474.333333333333,ahead
VEL146,DRV158,2024-02-06,2024-02-06 08:56:24,671,2.94,228.23,190.0,38.23,9,ahead,228.2312925170068,1632.0,8.6,189.7674418604651,5.66,1291.7891156462586,1962.7891156462586,ahead
VEL052,DRV158,2024-02-06,2024-02-06 11:12:00,758,5.2,145.77,190.0,-44.23,4,at_risk,145.76923076923077,1632.0,8.6,189.7674418604651,3.3999999999999995,495.6153846153845,1253.6153846153845,at_risk
VEL139,DRV160,2024-02-06,2024-02-06 07:19:12,1253,1.32,949.24,193.0,756.24,11,ahead,949.2424242424242,1275.0,9.2,138.58695652173915,7.879999999999999,7480.030303030302,8733.030303030302,ahead
VEL034,DRV161,2024-02-06,2024-02-06 11:46:48,1343,5.78,232.35,189.0,43.35,1,ahead,232.35294117647058,1566.0,9.8,159.79591836734693,4.0200000000000005,934.0588235294118,2277.0588235294117,ahead
VEL003,DRV162,2024-02-06,08:15:00,540,2.08,259.62,175.0,84.62,3,ahead,259.6153846153846,1782.0,9.2,193.69565217391306,7.119999999999999,1848.461538461538,2388.461538461538,ahead
VEL009,DRV163,2024-02-06,18:42:00,580,2.2,263.64,200.0,63.64,2,ahead,263.6363636363636,1366.0,7.5,182.13333333333333,5.3,1397.2727272727273,1977.2727272727273,ahead
VEL176,DRV164,2024-02-06,2024-02-06 10:54:00,318,4.9,64.9,177.0,-112.1,4,at_risk,64.89795918367346,1481.0,7.8,189.8717948717949,2.8999999999999995,188.20408163265301,506.204081632653,at_risk
VEL209,DRV167,2024-02-06,2024-02-06 08:31:12,1478,2.52,586.51,202.0,384.51,11,ahead,586.5079365079365,1590.0,9.6,165.625,7.08,4152.476190476191,5630.476190476191,ahead
VEL184,DRV167,2024-02-06,2024-02-06 12:25:48,2213,6.43,344.17,175.0,169.17,10,ahead,344.16796267496113,1590.0,9.6,165.625,3.17,1091.0124416796268,3304.012441679627,ahead
VEL098,DRV169,2024-02-06,2024-02-06 07:13:12,2155,1.22,1766.39,187.0,1579.39,12,ahead,1766.393442622951,1327.0,9.1,145.82417582417582,7.88,13919.180327868853,16074.180327868853,ahead
VEL124,DRV169,2024-02-06,2024-02-06 13:46:12,1678,7.77,215.96,186.0,29.96,15,ahead,215.95881595881596,1327.0,9.1,145.82417582417582,1.33,287.22522522522524,1965.2252252252251,ahead
VEL205,DRV170,2024-02-06,2024-02-06 07:49:48,1295,1.83,707.65,166.0,541.65,9,ahead,707.6502732240436,1624.0,7.6,213.6842105263158,5.77,4083.1420765027315,5378.1420765027315,ahead
VEL117,DRV170,2024-02-06,2024-02-06 09:32:24,660,3.54,186.44,204.0,-17.56,4,on_track,186.4406779661017,1624.0,7.6,213.6842105263158,4.06,756.9491525423729,1416.9491525423728,at_risk
VEL179,DRV173,2024-02-06,2024-02-06 10:30:00,977,4.5,217.11,174.0,43.11,1,ahead,217.11111111111111,1395.0,6.7,208.2089552238806,2.2,477.6444444444445,1454.6444444444446,on_track
VEL121,DRV173,2024-02-06,2024-02-06 13:16:48,2294,7.28,315.11,176.0,139.11,2,ahead,315.1098901098901,1395.0,6.7,208.2089552238806,0.0,0.0,2294.0,ahead
VEL033,DRV174,2024-02-06,2024-02-06 10:05:24,2500,4.09,611.25,178.0,433.25,8,ahead,611.2469437652812,1247.0,6.8,183.38235294117646,2.71,1656.479217603912,4156.479217603912,ahead
VEL217,DRV175,2024-02-06,2024-02-06 09:54:36,1154,3.91,295.14,190.0,105.14,2,ahead,295.14066496163684,1484.0,6.4,231.875,2.49,734.9002557544758,1888.900255754476,ahead
VEL014,DRV176,2024-02-06,06:52:00,168,0.87,193.1,157.14,35.96,1,ahead,193.10344827586206,1681.0,9.0,186.77777777777777,8.13,1569.9310344827588,1737.9310344827588,on_track
VEL169,DRV176,2024-02-06,2024-02-06 07:53:24,1914,1.89,1012.7,196.0,816.7,6,ahead,1012.6984126984128,1681.0,9.0,186.77777777777777,7.11,7200.285714285715,9114.285714285714,ahead
VEL203,DRV177,2024-02-06,2024-02-06 13:53:24,1479,7.89,187.45,205.0,-17.55,14,on_track,187.45247148288973,1409.0,9.3,151.50537634408602,1.410000000000001,264.30798479087474,1743.3079847908748,ahead
VEL008,DRV182,2024-02-06,17:58:00,312,0.97,321.65,200.0,121.65,1,ahead,321.64948453608247,1427.0,7.8,182.94871794871796,6.83,2196.865979381443,2508.865979381443,ahead
VEL048,DRV186,2024-02-06,2024-02-06 09:19:12,754,3.32,227.11,192.0,35.11,11,ahead,227.10843373493978,1596.0,7.6,210.0,4.279999999999999,972.0240963855421,1726.0240963855422,on_track
VEL180,DRV188,2024-02-06,2024-02-06 07:56:24,673,1.94,346.91,200.0,146.91,12,ahead,346.9072164948454,1178.0,6.5,181.23076923076923,4.5600000000000005,1581.896907216495,2254.896907216495,ahead
VEL202,DRV188,2024-02-06,2024-02-06 09:33:36,697,3.56,195.79,204.0,-8.21,5,on_track,195.78651685393257,1178.0,6.5,181.23076923076923,2.94,575.6123595505618,1272.612359550562,on_track
VEL022,DRV189,2024-02-06,2024-02-06 12:03:00,1543,6.05,255.04,177.0,78.04,12,ahead,255.04132231404958,1242.0,9.3,133.54838709677418,3.250000000000001,828.8842975206613,2371.884297520661,ahead
VEL089,DRV190,2024-02-06,2024-02-06 08:52:12,778,2.87,271.08,192.0,79.08,7,ahead,271.0801393728223,1245.0,8.8,141.47727272727272,5.930000000000001,1607.5052264808364,2385.5052264808364,ahead
VEL162,DRV191,2024-02-06,2024-02-06 08:48:00,2300,2.8,821.43,205.0,616.43,4,ahead,821.4285714285714,1179.0,6.1,193.27868852459017,3.3,2710.714285714286,5010.714285714286,ahead
VEL012,DRV192,2024-02-06,09:18:00,680,2.3,295.65,175.0,120.65,2,ahead,295.6521739130435,1707.0,6.2,275.3225806451613,3.9000000000000004,1153.0434782608697,1833.0434782608697,on_track
VEL004,DRV195,2024-02-06,08:52:00,738,2.87,257.14,175.0,82.14,4,ahead,257.1428571428571,1612.0,9.1,177.14285714285714,6.2299999999999995,1601.9999999999998,2340.0,ahead
VEL182,DRV195,2024-02-06,2024-02-06 09:51:36,1649,3.86,427.2,172.0,255.2,15,ahead,427.20207253886014,1612.0,9.1,177.14285714285714,5.24,2238.538860103627,3887.538860103627,ahead
VEL109,DRV196,2024-02-06,2024-02-06 13:33:36,2282,7.56,301.85,179.0,122.85,5,ahead,301.85185185185185,1114.0,8.1,137.53086419753086,0.54,163.0,2445.0,ahead
VEL188,DRV197,2024-02-06,2024-02-06 13:01:48,2330,7.03,331.44,169.0,162.44,3,ahead,331.4366998577525,1319.0,9.7,135.979381443299,2.669999999999999,884.9359886201988,3214.9359886201987,ahead
VEL102,DRV200,2024-02-06,2024-02-06 10:04:48,1799,4.08,440.93,173.0,267.93,5,ahead,440.9313725490196,1184.0,7.3,162.1917808219178,3.2199999999999998,1419.799019607843,3218.799019607843,ahead
VEL163,DRV201,2024-02-06,2024-02-06 09:01:12,1058,3.02,350.33,195.0,155.33,1,ahead,350.33112582781456,,,,,,,no_goal
VEL187,DRV201,2024-02-06,2024-02-06 12:03:36,929,6.06,153.3,190.0,-36.7,8,at_risk,153.30033003300332,,,,,,,no_goal
VEL055,DRV201,2024-02-06,2024-02-06 12:19:12,1687,6.32,266.93,170.0,96.93,13,ahead,266.93037974683546,,,,,,,no_goal
VEL110,DRV201,2024-02-06,2024-02-06 13:36:36,506,7.61,66.49,191.0,-124.51,13,at_risk,66.49145860709592,,,,,,,no_goal
VEL073,DRV203,2024-02-06,2024-02-06 09:40:12,852,3.67,232.15,165.0,67.15,4,ahead,232.1525885558583,,,,,,,no_goal
VEL134,DRV205,2024-02-06,2024-02-06 07:08:24,959,1.14,841.23,197.0,644.23,15,ahead,841.2280701754387,,,,,,,no_goal
VEL035,DRV206,2024-02-06,2024-02-06 07:39:00,1514,1.65,917.58,178.0,739.58,14,ahead,917.5757575757576,,,,,,,no_goal
VEL191,DRV207,2024-02-06,2024-02-06 06:31:48,903,0.53,1703.77,201.0,1502.77,4,ahead,1703.7735849056603,,,,,,,no_goal
VEL122,DRV209,2024-02-06,2024-02-06 12:48:00,1653,6.8,243.09,197.0,46.09,6,ahead,243.08823529411765,,,,,,,no_goal
VEL062,DRV210,2024-02-06,2024-02-06 07:26:24,2490,1.44,1729.17,185.0,1544.17,2,ahead,1729.1666666666667,,,,,,,no_goal
